email,count
"DCOSAV20",109436
"DCOJPMD",31614
"DCODELTA",24652
"DCOSEARS",23781
"DCOUNION",22560
"DCOMACY",22207
"DCOFH",19325
"DCOSWAWN",17996
"DCOAAA",14653
"DCOAMAIR",11965
"DCOET09",11962
"DCOCHEV2",10880
"DCODELL",10264
"DCOCHAD2",4301
"DCOLBRC",3931
"DCOLANE2",3462
"DCOHAW",3020
"DCOAMTRK",2535
"DCOCCS",2423
"DCOTRAN",2345
"DCODB",2305
"DCORMN2",2083
"DCOBRY2",2059
"DCOBOS",1916
"DBOWFCO",1831
"DCOSCEN",1779
"DCOBLAIR",1556
"DCOMACYW",1047
"DCOSHEL2",1002
"DCOCATH",862
"DCOKAB",788
"DCOWFEMP",747
"DCOBW",709
"DCOETC09",631
"DCOBLOOM",625
"DBOWFPRO",622
"TF EMPL",539
"DCOLRN3",523
"DCOMID",490
"DCOKING2",487
"DCOLERN2",460
"DCODILEM",390
"DCOMASH",324
"DCONORDS",318
"DCONACTY",281
"DCOCITG2",250
"DCOBOE",204
"DCOCONO2",193
"DCOJESS2",191
"DCOTIMEE",152
"DCOOUR36",151
"DCOACS",147
"DCOSARE",143
"GSCUPS",141
"DCOIAAP",139
"DCOACCES",138
"DCOPASS",126
"DCOPICPL",109
"DCOFORDE",108
"DCOBNPLC",105
"DCOYOUDE",102
"DCOPET",92
"DCOUSAIR",84
"DCOSUNO2",76
"DCODILCO",74
"DCOMMCGS",74
"DCONMEMP",74
"DCOSARA",65
"DCOTIMEC",63
"DCOCIRC",62
"DCOSOLIV",53
"DCOLIFEC",49
"DCORECGO",48
"DCODSNEY",44
"DCOGOFER",43
"DCOCITI",37
"DCOFREE",32
"DCOSCFR",30
"DCOFINA",28
"DBOFF",27
"DCOGAPEM",27
"DCOFORD",27
"DCOGP",25
"DCOWFPH",25
"DBOCS",24
"DCOFORT",22
"DCODPS",21
"DCOGWP",21
"USAAPHON",20
"DCOCITGO",19
"DCOSPARK",19
"DCOSTGBP",18
"DCOCHSPK",17
"DCOCITIM",16
"DCOLQ20",15
"DCOUCD",15
"DBONEIMN",15
"DCOFDEAL",14
"DBOAACOR",14
"DCOCNDNT",14
"DCONBA",13
"DCOCONO",12
"DCOMBM",11
"DBOAAFES",10
"DCOBOUT2",9
"DCONFCR",9
"DBOGIIV",8
"DCOAVON",7
"DCOLQ",6
"DCOLQSAV",6
"DCOAX2",5
"DCOAG",5
"DCOCOAT",5
"DCOTMOB",4
"DCOCICON",4
"DCOEMF",4
"DCOBOUT3",4
"DBOSCFR",4
"DBOMKT",4
"DCOLARD2",3
"DCOGH",3
"DCOFJ2",3
"DCOINFIN",3
"DCOUSPS",3
"DBOMSG",2
"DCOCOB2",2
"DBODELTA",2
"DCOTMO",2
"DCOECARD",2
"DCOMBE",2
"DCOMARYK",2
"DCOHD",1
"DCOEMF2",1
"DCONGA",1
"DCOHSB2",1
"DCOAJLI",1
"DBOMID",1
"DCOHHF",1
"DCOUCB",1
"DCOHHGM2",1
"DCOLIMIT",1
"DCODEFAULT",1
"DCO_TEST",1
"DBOLOAN",1
"DCOCLG2",1
"DCONJP",1
"DCOLIL",1
"DCOGTON",1
"DBOREAL",1
"DCOCAAEN",1
"DCONIS",1
"DCONMSS",1
